{"cameraMode":{"drawMode":0,"name":"Shaded","section":"Shading Mode"},"sceneLighting":true,"audioPlay":false,"sceneViewState":{"showFog":true,"showMaterialUpdate":false,"showSkybox":true,"showFlares":true,"showImageEffects":true,"showParticleSystems":true},"in2DMode":false,"pivot":{"x":-0.33201345801353457,"y":0.43069028854370119,"z":-1.1597834825515748},"rotation":{"x":0.7060167789459229,"y":-0.006373414769768715,"z":0.006354323122650385,"w":0.7081379890441895},"size":7.208929538726807,"orthographic":false}